claim_id,claim,where_it_appears,classification,evidence_source,action_required
C-01,"Origin: Nile Delta, Egypt (Kalamata)","/products/kalamata-olives, /ar/products/kalamata-olives, both catalogue PDFs",verified-approved,"Owner message 2026-09-04 02:00 ""Nile Delta, Egypt — whole and pitted""",none
C-02,Available formats Whole / Pitted (Kalamata),same as C-01,verified-approved,Owner message 2026-09-04 02:00,none
C-03,"Kalamata Variety Profile: ""Internationally recognized Greek variety, grown and processed in Egypt. Deep purple-black colour, smooth meaty texture, distinctive almond shape.""",/products/kalamata-olives and Arabic twin,verified-approved,"Owner confirmed accurate as written, 2026-09-05 (Kalamata Q1)",none
C-04,"Kalamata ""Best For"" bullets (retail deli/antipasto; buyers wanting a globally recognised variety; Mediterranean and Greek-style food service)",/products/kalamata-olives and Arabic twin,verified-approved,"Owner confirmed all three bullets, incl. the ""new origin"" positioning, 2026-09-05 (Q2)",none
C-05,"Kalamata packaging list (glass jars, tin cans, plastic buckets, plastic barrels, vacuum pouches)",/products/kalamata-olives and Arabic twin,verified-approved,"Owner confirmed the site-wide packaging boilerplate applies to Kalamata, 2026-09-05 (Q3). CORRECTED 2026-09-17: the boilerplate itself said ""wooden barrels"" and was wrong - see C-76. The claim that it applies to Kalamata is unaffected; only the barrel material changed.",none
C-76,"The only barrel format is a 220 kg plastic barrel - there are no wooden barrels, and no 50-200 kg range","55 files in both locales - homepage channel card, resources/packaging, resources/certifications, resources/faq, catalog and both print catalogues, company-profile, how-we-work, media/olive-export-packaging-guide and the media index, all 11 product pages, the six gated guides, llms.txt, both PDF sources, and the three generators that write them",verified-approved,"Owner correction 2026-09-17, unprompted: ""there is no wooden barrels only plastic 220 kgs"". This supersedes the packaging boilerplate confirmed on 2026-09-05, which had gone out as ""wooden barrels (brine)"" in 103 places. The site also carried three different barrel capacities at once: the homepage channel card offered 50 kg / 100 kg / 200 kg chips, resources/packaging and the gated guides said ""typically 50-200kg"", and the print catalogues listed a 50-200kg row. All of them now read 220 kg, and the material reads plastic everywhere. NOT INVENTED AND NOT EXTENDED: nothing was added about barrel lining, food-grade status, or whether 220 kg is a minimum, a maximum or the single size - the copy states the one capacity the owner gave and nothing further. ANSWERED 2026-09-17: the owner confirms 220 kg is the ONLY barrel size offered, so the single figure the copy now carries is exact rather than representative, and no range may be reintroduced. The Arabic wording (براميل بلاستيكية، سعة 220 كجم) is mine and has the same standing as C-71: it needs a native reader to confirm before it can be called owner-approved. CONFIRMED 2026-09-17: the owner reviewed the Arabic wording themselves, as a native reader, and approved it - the same standing as C-71, C-72 and C-74.",CLOSED
C-77,"Arabic FAQ closing section: ""ما زال لديك سؤال؟ / اسأل فريق التصدير لدينا مباشرة — نفضّل أن نمنحك إجابة دقيقة وصادقة بدلًا من إجابة عامة."" plus the two standing CTAs",/ar/resources/faq,verified-approved,"Found 2026-09-17 during the Arabic cross-page audit: the English FAQ closes with ""Still have a question? Ask our export team directly - we would rather give you a precise, honest answer than a generic one"" and the Request a Quote / Request a Sample buttons; the Arabic page ran straight from the last answer into the footer, and /ar/sample was reachable from nowhere in its body. NO NEW CLAIM: the text is a direct rendering of the approved English closing, carrying no fact the English does not. Button labels are the site own dominant Arabic wording, not new coinages - اطلب عرض سعر (113 uses) and اطلب عينة (61). Section markup and every CSS class copied verbatim from the English section, because index-Dw0yUE42.css is a fixed compiled artifact with no JIT. The Arabic prose is mine and has the same standing as C-71: it needs a native reader before it can be called owner-approved. CONFIRMED 2026-09-18: the owner reviewed it as a native reader and approved the sentence, including صادقة for ""honest"", which was offered for softening and deliberately kept. The heading was changed on their instruction from ""ما زال لديك سؤال؟"" - a literal rendering of ""Still have a question?"" - to ""هل لديك سؤال آخر؟"", the more ordinary phrasing. This closure was lost once and restored: resolving the register conflict in #105 took main file wholesale and appended only C-83, discarding it.",CLOSED
C-06,"Kalamata calibers = ""Confirmed during quotation""",/products/kalamata-olives and Arabic twin,unverified-by-design,"Owner confirmed ""Confirmed during quotation"" is the intended public answer, 2026-09-05 (Q4a). Same treatment as artichoke, pepperoncini and jalapeno.",none
C-07,"Kalamata brine specification = ""Confirmed during quotation""",/products/kalamata-olives and Arabic twin,resolved-by-removal,"Owner directed removal of the Brine Specification field rather than publishing a bare deferral where every other product shows Salt/Acidity/pH, 2026-09-05 (Q4b)",none — field removed from 5 surfaces
C-08,assets/olive-kalamata.jpg (owner-supplied photograph) used as the Kalamata product image,8 web surfaces (4 en + 4 ar) + both catalogue PDFs,verified-approved,"Owner supplied the photograph 2026-09-05 and uploaded it to the repository. Replaces the self-made illustration; satisfies the ""real photo"" condition set at the 2026-09-01 removal.",none
C-09,Kalamata is publicly listed at all,listed in every product list in both locales (position 2 - see C-17),verified-approved,"Removal condition of 2026-09-01 (""a real photo and a completed product entry"") is now met: entry approved field-by-field 2026-09-05, photograph supplied. Owner set position 2.",none
C-10,"Legal identity ""Triple Company for Industrial Development"" / ""الشركة الثلاثية للتنمية الصناعية""","sitewide; 426 Arabic occurrences, 11 in EN PDF",verified-approved,Standing operating rule; zero variants found this pass,none
C-11,Partner processing facility framing; 10th of Ramadan Industrial Zone location,"Organization schema, FAQ, llms.txt",verified-approved,docs/deployment-record.md — owner confirmed it can stay published,none
C-12,No certification claims held by the company itself,sitewide,verified-approved,"Owner 2026-09-01: ""i currently dont hold any certificates""; partner certifications attributed to partner only",none
C-13,Company established 2024,company profile,verified-approved,"Owner 2026-09-01 12:32 ""comapany established 2024 and all the other claim are true""",none
C-14,"Arabic jalapeño product term ""هالبينو""",13 files + Arabic PDF + JSON-LD + alt text,verified-approved,"Owner confirmed 2026-09-07: ""هالبينو is the correct spelling"". The spelling itself was changed from خالبينو in #56 on 2026-09-05 (37 occurrences, 13 files, and the Arabic catalogue PDF, regenerated from scripts/export-catalog-source-ar.html); what was outstanding until now was confirmation by a native Egyptian reader, not the change.",CLOSED
C-15,"Arabic surfaces show the placeholder caption in Arabic: ""صورة المنتج قيد التجهيز""","ar/index.html (5 references), scripts/export-catalog-source-ar.html and the Arabic catalogue PDF",defect-fixed,"Fixed in fc95a23 on 2026-09-05, which added assets/photo-pending-ar.svg and the six Arabic illustration variants and regenerated the Arabic catalogue PDF. The row was left at ""defect"" and only corrected on 2026-09-11. Re-verified that day rather than taken on trust: all seven *-ar.svg files contain Arabic text and no Latin words; ar/index.html references photo-pending-ar.svg five times and the English variant nowhere; the Arabic catalogue source references only the -ar variants; and the gated Arabic PDF has been rebuilt from that source since, most recently in 5aa2fcf.",CLOSED
C-16,"All product imagery is illustration, not photography","every product slot, both locales, both PDFs",verified-approved,docs/asset-rights-register.md; nothing presented as a photograph,none
C-17,"Canonical product order: Kalamata at position 2, behind Aggizi","8 surfaces - ItemList JSON-LD on /, /ar/, /catalog, /downloads; visible grids on /catalog and /ar/catalog; both print catalogues",verified-approved,Owner decision 2026-09-05 (Q6). Enforced by scripts/check-product-order.js.,none
C-18,"Kalamata photograph colour reads burgundy where the approved Variety Profile says ""deep purple-black""","assets/olive-kalamata.jpg against claim C-03, 8 web surfaces + both catalogue PDFs",verified-approved,"Raised as an open question 2026-09-05; owner determined the photograph is Kalamata regardless of how the colour reads on screen, and directed no change to the photograph or to the approved wording. Recorded so the discrepancy is not re-raised as a defect.",none
C-19,"Export-catalogue PDFs group products by category and place Kalamata first in the black-olive section, rather than following the canonical order (C-17)","scripts/export-catalog-source.html, scripts/export-catalog-source-ar.html and both built PDFs",verified-approved,"Owner decision 2026-09-05: keep the PDF grouping and lead the black-olive section with Kalamata. The divergence from C-17 is deliberate. Pinned by scripts/check-product-order.js so a later pass does not ""correct"" it.",none
C-20,"Consent label promise: ""I can unsubscribe at any time"" (and the Arabic equivalent)","7 lead forms - 3 on /downloads, 3 on /ar/downloads, 1 on the homepage",verified-approved,"Was a promise the site could not keep - no page, no endpoint, no column. Owner directed a real unsubscribe be built, 2026-09-05. Now backed by /unsubscribe, /ar/unsubscribe and POST /api/unsubscribe; the label links to it. Enforced by scripts/check-unsubscribe.js.",none
C-21,Unsubscribe is not email-verified: anyone can opt out any address from the public form,POST /api/unsubscribe,verified-approved,"Deliberate trade-off, documented in docs/downloads-and-gating.md §7 and at the top of _optout_lib.js: an unwanted opt-out is recoverable and logged, an unhonoured promise is not, and there is no outbound mail to a lead's own address with which to deliver a confirmation link. Bulk abuse bounded by a 20/hour IP rate limit; reversal is admin-only.",none
C-22,"Head-office address: Ouroba Square (ميدان العروبة), 5th Settlement, New Cairo, Cairo, Egypt","Organization JSON-LD, the footer of all 76 content pages, /contact, /company-profile, /privacy, /business-card, /letterhead, the CRM document template, and both catalogue PDFs - in both locales",verified-approved,"Owner confirmed 2026-09-05. CORRECTION to the earlier entry: this claim was first recorded as ""appears on no visible page"", which was wrong - it had been checked against /contact and the homepage only. The address was already on business-card, letterhead, company-profile and privacy in both locales. What was true is that five different visible forms of it were in use (three English, two Arabic), the shortest was on /contact, and none named New Cairo. Now one string per locale everywhere, enforced by scripts/check-nav-footer.js.",none
C-23,"""Carrot Stuffed"" olives named among the products in the Organization description - REMOVED",Organization JSON-LD on the homepage (no longer present),resolved,"Owner-supplied 2026-09-05 in the schema brief, and the brief explicitly approved the product list it appears in. But Carrot Stuffed is not one of the site's 11 products (scripts/product-order.js), has no product page, no catalogue entry, and appears in neither export PDF. The description therefore names a product the rest of the site does not sell. Implemented as supplied and flagged. RESOLVED 2026-09-06: owner instruction ""cancel carrot stuffed for now just leave stuffed"". ""and Carrot Stuffed"" removed from the description; ""Pepper Stuffed"" was already named separately, so nothing replaced it and the list now matches the 11 products the site actually sells.",none
C-24,sameAs carries one Facebook URL: https://www.facebook.com/profile.php?id=61592851801873,"Organization JSON-LD on the homepage, and the homepage Like widget",verified-approved,"Owner supplied the canonical profile URL 2026-09-05, replacing the share/redirect shortlink given in the schema brief. The homepage Facebook Like widget was pointing at a third URL (facebook.com/triplecompanyexport) and now uses the same one. Instagram, LinkedIn, YouTube and X are no longer referenced anywhere in the site. Enforced by scripts/check-org-schema.js.","Closed 2026-09-06. The owner confirmed the handle resolves to nothing today, which is the fact that matters: the widget had been pointing at a URL that does not load. Whether it was ever a live page is not answerable from here and changes nothing now, so it is not carried as an open question."
C-25,"Removed from the Organization schema: foundingDate 2024, alternateName (incl. the Arabic legal name), knowsAbout, hasOfferCatalog, image, and both location entries (Head Office, Partner Facility at 10th of Ramadan)","Organization JSON-LD, all pages",verified-approved,"Owner instruction 2026-09-05 specified the complete replacement schema and explicitly forbade foundingDate, alternateName and areaServed. The Arabic legal name الشركة الثلاثية للتنمية الصناعية is therefore no longer in any structured data; flagged to the owner at implementation.",none
C-26,"Single Organization definition site-wide, on the homepage only",index.html; removed from 52 other pages,verified-approved,"Before this the same @id was defined on 53 pages in five mutually contradictory variants (differing name, description, address, contactPoint, sameAs). Owner instruction 2026-09-05: ""this should be the single Organization schema block for the site."" Enforced by scripts/check-org-schema.js.",none
C-27,"Registered company name is the English ""Triple Company for Industrial Development""; the Arabic الشركة الثلاثية للتنمية الصناعية is an alternate name, not the legal name",Organization JSON-LD alternateName,verified-approved,Owner confirmed 2026-09-05 when asked directly which name is on the commercial register. This settles the schema.org modelling: alternateName rather than legalName.,none
C-28,"alternateName carries three values: ""Triple Company"", the full Arabic name, and the Arabic short form ""الشركة الثلاثية""",Organization JSON-LD on the homepage,verified-approved,"Excluded by the owner's 2026-09-05 schema brief, then restored the same day on their instruction (option 2 of docs/arabic-schema-audit.md §4.2) once it emerged that the exclusion had removed the Arabic name from all structured data. Enforced by scripts/check-org-schema.js. EXTENDED 2026-09-06: the owner asked whether the short form removed from the Product brand nodes belongs in alternateName instead. It does, and ""Triple Company"" was already there. The gap was the Arabic side: the Arabic short form appears in visible prose on 53 pages but was absent from structured data, so English had both its full and short form while Arabic had only the full one. Added. alternateName is the property for another name for the same entity, which is what an informal short form is - a distinct thing from the Product brand removed the same day, which asserts a brand on the goods this company does not have. scripts/check-org-schema.js now requires all three.",none
C-29,"Product identity linked across locales: same productID, separate per-locale @id, url and image on all 22 product pages",11 English + 11 Arabic product pages,verified-approved,"docs/arabic-schema-audit.md §4.1, resolved 2026-09-05. Built only from values already in the repository - the canonical key from scripts/product-order.js, each page's own canonical URL, and the photograph the page already displays. No sku/gtin/mpn: those denote commercial codes the company has not supplied. Enforced by scripts/check-product-order.js.",none
C-30,"Private-label scope: packaging across glass, tin, bucket and barrel formats, with printing, filling and export documentation; label design help offered on request","19 surfaces - homepage, how-we-work, resources/packaging, resources/export-markets, resources/why-egyptian-olives, catalog, company-profile, both gated guides, both PDF sources and both built PDFs, in both locales",verified-approved,"Replaces ""full design-to-shelf private label service"", which was live in 19 places and had never been entered in this register. Owner basis 2026-09-05: ""We can help with label design if customer requests."" That is a conditional offer, not a full service. The corrected wording keeps every concrete capability the old text claimed and drops only the unsupported absolute. Enforced by scripts/check-identity-strings.js.",none
C-31,og:site_name is one of the two approved company names on every page and in every generator,102 HTML files and 20 generator scripts,verified-approved,"The shipped pages were already correct, but scripts/generate-resource-pages.py still emitted ""Triple Company Export Specialist"" at lines 81 and 454 - one re-run would have restored the wrong name to roughly ten pages. Fixed 2026-09-05 and enforced by scripts/check-identity-strings.js, which checks generators as well as pages.",none
C-32,"Header tagline ""Premium Export Specialists"" (English, 27 pages) and ""متخصصون في تصدير الزيتون المصري الفاخر"" (Arabic, 26 pages)",visible site header only,verified-approved,"Reviewed by the owner 2026-09-05 and deliberately kept. These are descriptive subtitles rendered beneath the company name, not alternate names: verified absent from every schema node and every og:/twitter: meta field. Flagged to the owner that the English wording sits against the site's own FAQ answer (""We are a newly established export company...""); owner elected to keep it. SUPERSEDED 2026-09-19 by C-91: the owner revisited that decision and replaced both taglines. This row stands as the record that the wording was reviewed once and kept, which is what made it look unresolved when it was raised again.",CLOSED
C-33,"Operating Rule 1: olivesegypt.com is the website domain only - never the company name, brand or legal entity","site-wide sweep of 102 HTML files, all JSON-LD, all alt attributes, email templates, form messages and both PDFs",verified-approved,"Re-confirmed by owner 2026-09-06 and audited the same day. ZERO violations found: no camelCase ""OlivesEgypt"" anywhere; the capitalised ""Olives Egypt"" appears exactly twice, both in docs/ recording that it was removed; the domain is never a sentence subject; all 108 distinct name/alternateName/legalName values in site-wide JSON-LD are clean. Now enforced by scripts/check-identity-strings.js, case-sensitively so the legitimate lowercase keyword phrases (""wholesale olives Egypt"") are not flagged.",none
C-34,"Quality & Documentation restructured into three tiers: ""Published now"", ""Confirmed for your order"", ""In progress""","/resources/certifications, /ar/resources/certifications",verified-approved,"Owner approved the tier structure 2026-09-06 (""all confirmed go ahead""). Tier A carries only items already published on this site. Tier B carries the five items the owner confirmed mid-turn on 2026-09-06 as available on request: product specification sheet, packaging specification, caliber confirmation for a specific order, label information, Incoterm and lead time - framed as ""confirmed against your specific requirement"", not as documents held on file. Tier C names what is genuinely unsettled, including partner-facility certifications. No certificate name, number, issuing body, scope or validity date appears anywhere on the page.",none
C-35,"Partner-facility certifications: none named, no logo displayed, status stated as ""being verified against the actual certificate documents""","/resources/certifications and /ar twin (Tier C), /resources/supply-network and /ar twin",unverified - disclosed as unverified,"The owner said on 2026-09-06 they are ""not sure which certificates are available yet"". Under the standing certification rule no logo or certificate detail may be displayed until holder, facility, name, scope and validity date are separately verified and approved. The pages therefore state the status instead of the certificate. scripts/check-identity-strings.js now bans ""certified partner facility"" so the claim cannot drift back in.",Owner to supply the actual certificate documents before any certificate detail or logo is published
C-36,"Processing and brining are completed through an approved partner processing facility in the 10th of Ramadan Industrial Zone; Triple Company for Industrial Development manages sourcing, specification, buyer communication, export coordination and documentation","/resources/supply-network, /ar/resources/supply-network, and already live on /how-we-work and /about",verified-approved,"Owner-confirmed arrangement, already published on the site before this page existed. The new page restates it and adds the explicit non-ownership statement: the company does not own or operate a processing factory and does not present the partner facility as its own.",none
C-37,"Sourcing regions: the Nile Delta, Fayoum, Giza, the North Coast, and the Western Desert","/resources/supply-network, /ar/resources/supply-network",verified-approved,"RESOLVED 2026-09-06: owner confirmed the three regions in answer to the open question. The supply-network page now names them, with the region for a given lot still confirmed during quotation because it depends on variety and season. NOTE: two product-level origin claims sit outside this list - Hamed is described as coming from Egypt's North Coast and Toffahi from ""Fayoum & Giza"", on their product pages and catalogue cards. Neither North Coast nor Giza is among the three confirmed regions. Left as published and raised rather than reconciled either way. RESOLVED 2026-09-06 (second answer): the owner added North Coast and Giza to the sourcing list rather than correcting the two product origin lines, reconciling the site in the other direction. Five confirmed regions. scripts/check-sourcing-regions.js now fails if a product origin falls outside the list or if the supply-network page stops naming one of them.",none
C-38,"No photograph of the partner processing facility appears anywhere on the site, and the supply-network page says so explicitly","/resources/supply-network, /ar/resources/supply-network",verified-approved,"Standing rule, restated by the owner in the 2026-09-06 brief: partner-facility photography only with explicit written permission from the partner company on file, and default to none until that is confirmed. No such image exists in the repository and none was added. The page states the reason rather than leaving a silent gap.",none
C-39,"Buyer-intent catalogue filters: Retail-ready (9 products), Foodservice (6), Bulk and industrial (3), Stuffed and specialty (4), Egyptian varieties (3), Private-label (10)",/catalog and /ar/catalog filter chips,verified-approved,"Every membership is derived from text already published on the product pages and catalogue cards, and scripts/check-product-facets.js re-derives the text-based facets from the live pages on every run, in both directions. ""Egyptian varieties"" excludes Kalamata and Manzanilla because the catalogue descriptions themselves call them the Greek and the Spanish variety grown in Egypt. No packaging facet: all eleven product pages carry an identical packaging sentence, so it would match everything and filter nothing. No regional filters, per the brief and the export-markets ""engaging, not serving"" framing.",none
C-40,Private label is offered on ten products; Kalamata is excluded and the page says why,"/resources/private-label, /ar/resources/private-label, and the private-label filter chip on both catalogues",verified-approved,"Owner instruction, restated in the 2026-09-06 brief: ""Do NOT include Kalamata in this list - it remains internal-only pending separate approval."" Enforced in two places: scripts/check-lead-fields.js fails if the page links to the Kalamata product page or offers other than ten products, and scripts/check-product-facets.js fails if Kalamata enters the private-label facet.",Owner to decide whether Kalamata is ever offered for private label
C-41,"Private-label artwork scope: printing, filling and export documentation handled; label design help offered on request; not a design agency and not a full design-and-branding service","/resources/private-label, /ar/resources/private-label",verified-approved,"The same scope agreed on 2026-09-05 and recorded as C-30, restated on the one page where an overstatement would be most tempting. The page says plainly what is not offered. scripts/check-identity-strings.js still bans ""design-to-shelf"" and the other absolutes site-wide, this page included.",none
C-42,"Private-label briefs are captured by the existing shared lead backend (POST /api/leads, segment=private_label), not by a new form system","netlify/functions/leads.js, assets/gated-download.js",verified-approved,"The shared-infrastructure rule for this project. The private_label segment and its fields already existed in the endpoint and had no consumer until now. One field was genuinely missing - incoterm - so it was added properly (allow list, MAX length, CREATE TABLE, an idempotent ALTER for the already-deployed table, INSERT, and the internal notification) rather than repurposing an unrelated column. The gated-download handler was generalised to serve both shapes rather than copied. Still the leads_staging table: this remains a staging destination and the internal notification is still off unless LEADS_NOTIFY is set.",Owner to approve a real lead destination before LEADS_NOTIFY is enabled
C-43,"Four new gated assets: company overview, private-label brochure, packaging overview, export documentation checklist - all four in both locales",/downloads and /ar/downloads (request forms); the documents themselves are served by netlify/functions/guide.js from _guides/{locale}/,verified-approved,"Every sentence in all eight documents is lifted from a page already live on this site: /about, /resources/faq, /resources/packaging, /resources/export-markets, /how-we-work, /resources/certifications, /resources/private-label and /resources/supply-network, in the matching locale. Nothing was written for these documents. The ""5-7 business days"" sample commitment from /how-we-work is deliberately absent: it still has no register entry. Same gate as the original three guides - one signed token per asset, and check-guide-gate.js now proves per guide that each is gated, openable with its own token, and not openable with another guide's.",none
C-44,The detailed technical product catalogue remains an ungated direct PDF download,"/downloads/triple-company-export-catalog-2026.pdf, linked from /downloads and /catalog",verified-approved,"Confirmed current state as the brief asked, and deliberately not changed. Part E extends the gated set; it does not say to gate an asset that has been public. Putting an existing public download behind a form is a commercial decision for the owner, not a developer's.",Owner to decide whether the technical catalogue should be gated like the other assets
C-45,The /contact and /sample forms submit to the shared inquiries backend in BOTH locales,"/contact, /sample, /ar/contact, /ar/sample",verified-approved,"Found broken on 2026-09-06: the English /contact and /sample forms had no submit handler of any kind. Their markup was complete - every field, every id, the honeypot, the status element, the submit button - and no script was ever bound to them. The form carries no action, so pressing Send did a default submission that reloaded the page and discarded everything the buyer had typed: no POST, no error, no trace. The Arabic pages carried a working copy of the handler inline, which is why nothing showed it. Fixed by extracting one shared handler (assets/inquiry-form.js) used by all four pages, and removing the Arabic inline copies so nothing submits twice. Verified in a real browser: all four now produce exactly one POST carrying the required fields, show a confirmation in the page's own language, and reset. scripts/check-inquiry-forms.js fails if any inquiry page loses the handler, keeps a second inline copy, renames an id the handler reads, or positions a honeypot on the wrong side for its writing direction.",none
C-46,"Six labelled inquiry entry points, all routing into backends that already exist, with the intent recorded against the enquiry","/contact and /ar/contact (""What do you need?"" block and the intent badge); the private-label tile routes to /resources/private-label#brief",verified-approved,"No new form and no new backend. Five entry points land on the existing /contact form with ?intent= set, which the shared handler resolves to the request_type column that already existed and is already shown in the admin inquiry list and its CSV export. The sixth, private label, routes to the purpose-built brief, which captures target market, packaging, volume, certifications and Incoterm - the general form would collect less. Local Egyptian pricing routes to the general form with a local-buyer request_type because the local-market Solutions path named in the brief does not exist on this site; confirmed by checking for the route rather than assuming. Intents are a closed set: anything unrecognised falls back to the default rather than writing an arbitrary string, verified against nonsense, path traversal and a SQL-injection string. A visible badge tells the visitor which label their enquiry arrived with.","Owner to confirm whether a local-market Solutions section is still planned, which would give local pricing its own destination"
C-47,No Product node on the site claims a brand,"all 27 files that carried Product structured data, plus scripts/generate-product-pages.py",verified-approved,"Owner, 2026-09-06: ""we don't have a brand so far, we are looking forward to do private label OEM for now."" 77 Brand nodes were live in three different spellings - ""Triple Company"" (44), the short Arabic name (22), and the full Arabic name on the ItemList added the previous day (11) - ten of them written by the product-page generator, so a hand-fix would have lasted until the next regeneration. All removed, generator included. brand is optional on schema.org Product and a private-label / OEM supplier genuinely puts no brand of its own on the goods, so removal is the honest option rather than picking one spelling. Enforced by scripts/check-org-schema.js.",Revisit if the company ever launches its own brand
C-48,"The technical export catalogue PDF is gated: requested through the shared lead form, served only against a signed token",/downloads and /ar/downloads (request form); the file is served by netlify/functions/guide.js from the functions bundle,verified-approved,"Owner instruction 2026-09-06 (""gate it""), reversing the position recorded as C-44 the same day. Both PDFs moved out of the publish root into netlify/functions/_guides/{locale}/export-catalog.pdf, so no ungated copy remains - a copy left in downloads/ would have made the gate decoration, which is the exact bug the guide gate was built to fix. guide.js now serves binary assets base64-encoded with the right content type; verified byte-identical to the file on disk by SHA-256 in both locales. The two old public URLs 301 to the downloads hub rather than 404, since they may be indexed or bookmarked. The PDF generator now writes to the gated location by default.",none
C-49,A local-market Solutions section is still planned; local Egyptian pricing routes to the general quote form with a local-buyer request_type in the meantime,/contact and /ar/contact entry points,verified-approved,"Owner confirmed 2026-09-06 that the local-market Solutions work is still planned. Until that route exists, the local-pricing entry point uses the brief's own stated fallback. When Solutions ships, the local_pricing intent is the single place to repoint.",Repoint the local_pricing intent when the Solutions section ships
C-50,"The cookie consent banner, preferences modal and reopen control are presented in the page language, with a per-locale privacy link","assets/consent.js, on every page of the site in both locales",verified-approved,"Found broken on 2026-09-06 and fixed on the owner's instruction (""do it properly""). assets/consent.js contained zero Arabic characters and never read document.documentElement.lang, so every Arabic visitor was asked for analytics consent in English, on a bilingual site whose home market is Egypt. Consent that the person cannot read is not meaningfully given, which makes this a compliance matter rather than a cosmetic one. The privacy link also pointed every visitor at the English /privacy page. All 15 visible strings are now per-locale, the privacy link resolves to /privacy or /ar/privacy, and the reopen control uses a logical inset so it sits in the correct corner under RTL instead of the left. Verified in a real browser in both locales: banner, modal, save, persistence across reload, corner position, no JS errors. scripts/check-inquiry-forms.js now fails if the file loses its Arabic strings, stops reading the page language, loses either privacy destination, or goes back to a physical left offset.",none
C-51,"The English privacy page no longer shows the developer marker ""TODO"" to visitors; the six unconfirmed facts still say they are unconfirmed",/privacy,verified-approved,"Found 2026-09-06: the English privacy page carried the literal word TODO thirteen times across six table rows - effective date, raw-event retention, consent-record retention, database hosting region, geolocation provider, Search Console. The Arabic page rendered the identical state properly as قيد التحديد / [قيد التأكيد], which is why nothing caught it: only one of the two locales was wrong. The English now reads PENDING / [Pending confirmation ...]. No fact changed - all six are still unconfirmed and still say so. scripts/check-identity-strings.js now fails if TODO, FIXME or Lorem ipsum appears on any published page (XXX is deliberately excluded: the Arabic forms use placeholder=""+20 1XX XXX XXXX"" as a legitimate phone-format hint).","Owner 2026-09-06: the six values are with the company lawyer for review. Both privacy pages currently publish every one of them as PENDING / قيد التحديد, in exact parity, and no figure is stated anywhere - so the pages make no claim the review could contradict. Nothing to change until the lawyer reports back."
C-52,Both export catalogue PDFs carry a revision date on the cover,"the cover badge of netlify/functions/_guides/{en,ar}/export-catalog.pdf",verified-approved,"A buyer holding a PDF had no way to tell how current it was. Both covers now read ""2026 Edition - Revised 2026-09-06"" / ""إصدار 2026 - آخر تحديث 2026-09-06"". The Arabic date first rendered reversed as 06-09-2026 because the dir=""ltr"" span wrapped the Arabic words as well as the digits; only the date is isolated now. Caught by rendering the cover to an image - a text-layer search would have missed it, since the Arabic text layer reverses the digit run either way. Both PDFs re-verified at 10 pages with an unchanged font set, and the gate still serves them SHA-256 identical to disk.",Bump the revision date whenever the catalogue content changes
C-53,"""End-to-end export logistics"" removed in both locales; the site now says export documentation and port handling",/how-we-work (3 meta descriptions + the card heading) and /ar/how-we-work (the card heading),verified-approved,"Owner instruction 2026-09-06. ""End-to-end"" implies the destination side; what the page itself describes is ""complete export documentation, certificate of origin, health certificate, and port handling - arranged for each container"", and Incoterms are confirmed per order, so the company does not undertake to carry goods to the buyer. Same treatment as design-to-shelf: every concrete capability kept, only the unsupported absolute dropped. IMPORTANT: this was NOT English-only, as first reported. The Arabic card heading read ""لوجستيات شاملة"" - comprehensive logistics - the same claim; that first report was based on checking the Arabic meta tags and not the visible card. Both forms are now banned by scripts/check-identity-strings.js and each half was proved to fail independently.",none
C-54,Sample packs are sent within 5-7 business days,"/how-we-work, step 2",verified-approved,"Confirmed by the owner 2026-09-06 in answer to the standing question. It had been published since before the claim register existed and had no entry, which is why it kept being raised. Now recorded as a commitment the owner has affirmed.",none
C-55,"Contact data is purged on a schedule: inquiries and leads_staging, on their own retention window",netlify/functions/analytics-retention.js (nightly),needs-review,"The gap: the nightly purge covered only analytics_events and analytics_sessions. inquiries and leads_staging - names, business emails, phone numbers, message bodies - were never purged at all, while /privacy told visitors they could ask for deletion. Now purged on a separate contact_retention_days setting with its own floor (365 days), because a 395-day analytics window applied to inquiries would delete the company's own sales history at 13 months. THE DEFAULT OF 1825 DAYS (5 YEARS) IS A PLACEHOLDER, the same status /privacy gives the figure; it must be set to whatever legal review decides and must match what /privacy publishes. Below the floor the contact purge refuses the run and says so in the audit row rather than acting on a number nobody meant to type, and the analytics purge is unaffected. contact_opt_outs, contact_opt_out_events, consent_log and analytics_audit_log are never purged: a suppression list has to outlive the data it suppresses.","Owner 2026-09-06: with the company lawyer. contact_retention_days stays on its 1825-day placeholder, which conflicts with nothing published: /privacy and /ar/privacy state no retention figure at all, only PENDING. Set the reviewed figure and publish the same number in both locales together, in one change."
C-56,"A Facebook button sits in the shared header on every page, beside the language switcher, in both locales",the shared header and mobile drawer on all 82 pages carrying the chrome,verified-approved,"Restores something I removed. The site had four social links in the footer - Facebook, Instagram, LinkedIn and YouTube, all on the triplecompanyexport handle - until the 2026-09-05 footer consolidation replaced five inconsistent footers with one shared footer and did not carry the social row across. I did not flag that at the time. Only Facebook returns: the owner confirmed facebook.com/triplecompanyexport is dead and supplied the profile URL, and the other three use the same dead handle pattern, so they stay out until real URLs are supplied. Styled as a tinted rounded square rather than a solid brand-blue circle. The owner reviewed six treatments and chose this one for two reasons: it is quieter than the CTA beside it, and more networks are coming, so a row of saturated circles would have shouted louder than 'Request a Quote'. The colour therefore lives in two CSS custom properties per network and the shape is shared, so adding Instagram or LinkedIn later is a tint block rather than a new component. Measured in a browser: the glyph reads 3.45:1 against its own face and 3.99:1 against the light header, and 6.65:1 / 8.32:1 in dark mode, all above the 3:1 non-text minimum in both themes. Dark mode lightens the whole tint pair, not just the glyph - a 12% wash of mid blue disappears against a near-black header. scripts/check-nav-footer.js fails if a social button carries no tint class, because an untinted .tc-social renders as a transparent box with an invisible glyph and still looks correct to anything counting anchors. A plain <a>, not the SDK: no third-party script, no cookies, works without JavaScript. The homepage Like widget is unchanged and remains click-to-load.","Closed 2026-09-06. Owner confirmed the Facebook page About section now links back to olivesegypt.com, completing the association in both directions. Instagram, LinkedIn and YouTube accounts do not exist yet, so there is nothing to add and the header deliberately carries Facebook alone - the tint system in assets/index-Dw0yUE42.css takes a new network in two lines whenever one is created."
C-57,The browser-tab icon (favicon.ico) shows the company logo,"favicon.ico at the site root - requested by browsers on every page, and used by Google Search Console and search results",defect-fixed,"Owner reported 2026-09-06 that the tab showed a red square. Decoded the file: favicon.ico was a solid #ff3c00 fill at all three embedded sizes (16, 32, 48), 96% of every pixel one colour. Not a brand colour - the palette is olive #3f4f2b and gold. It was committed that way on 2026-09-01 in 1fba812 (""favicon & image visibility (diagnostic + mechanical fixes)"") and had been live ever since. The five PNG icons, the manifest and the <link> tags were all correct throughout, which is why nothing looked wrong: the bug was the contents of one image, and no check in the repo had an opinion about what an image contained. Regenerated from icon-512.png, the same source as every other icon, at 16/32/48. scripts/check-favicons.js now decodes the pixels and fails if any icon is a flat fill or if the artwork inside favicon.ico stops matching favicon-48.png; proved against the original red file (fails, exit 1), against a valid .ico built from the wrong picture (fails), and against a deleted icon (fails).",Resolved by C-58: the small icons now use a crop of the logo rather than the full lockup.
C-58,"The tab/bookmark icon is a 96x96 crop of the company logo, centred on the olive at the top of the mark",favicon.ico (16/32/48) and favicon-48.png; assets/favicon-mark.png is the committed crop source,verified-approved,"Owner instruction 2026-09-06: ""customize my logo so it fits and use it dont invent anything"". The full logo is a tall lockup - two colour bars, an olive, fine branches - and it resolves from about 96px up; below 48px the branches collapse into a smudge. Five crops of the existing artwork were rendered at 16/32/48 and compared; the tightest window on the top olive was chosen because the fruit is the only element with enough mass to survive 16 pixels, and it carries both brand colours (the gold bar corner falls inside the frame). Nothing is drawn, moved or recoloured: the mark is the pixel region (243,142)-(339,238) of icon-512.png, and scripts/check-favicons.js verifies that by sliding the mark across the logo and requiring a near-zero match - it reports 0.00 at exactly 243,142, while a hand-drawn lookalike in the same colours scores 34.0 and fails. The large icons (96, 180, 192, 512) keep the complete logo, because at those sizes the whole lockup is legible and is the point. The two families are checked for internal consistency separately, so an intentional difference between tab icon and app icon cannot be reported as drift.",none
C-59,"The small icons are a linear-light area average of the 96px mark, not a default resize",favicon.ico (16/32/48) and favicon-48.png; generated by scripts/build-favicons.py,verified-approved,"Owner asked 2026-09-06 whether the image quality could be improved. Checked for a better master first: there is no vector logo in the repository, and of the four 512px rasters, icon-512.png carries the symbol at the largest scale (logo.png is the lockup with the wordmark, so its symbol is smaller; assets/logo-BJ1TOn9V.png is palette-quantised to 120 colours in the crop region against icon-512.png's 2569). So 96 real pixels is the ceiling, and the quality loss was in the resampling rather than the source. An sRGB value is a perceptual encoding, not a quantity of light, so averaging those codes - the default in every image tool - averages the wrong thing and the white highlight on the olive comes out grey. Three methods were rendered at 16/32/48 and compared: sRGB Lanczos (current), linear-light Lanczos, and linear-light area average. Linear Lanczos was rejected outright - its negative lobes ring on edges this hard and put a black fringe around the olive at 48px that is nowhere in the source, with the darkest pixel landing at luminance 0. The area average cannot overshoot, and because 96 divides exactly by 16, 32 and 48 each output pixel is one whole n-by-n block, so it is not an approximation of the correct answer but the correct answer. Verified end to end: all three images inside the .ico match the generator's output exactly (max channel difference 0) and differ from a naive sRGB Lanczos by up to 47 levels. scripts/check-favicons.js recomputes the average and fails if any shipped icon is more than 1 level off; a default resize scores 38 and fails. NOTE: an earlier measurement in this session appeared to show linear-light performing worse at 32 and 48px - that metric used a box average as its reference and so was only measuring how much each filter rings, not which looked better. It was discarded rather than reported.",none
C-60,"The WebSite node declares both the full legal name and the short form, in each locale",the WebSite JSON-LD on / and /ar/ (the only two pages that carry one),verified-approved,"Owner reported 2026-09-06 that Google prints ""olivesegypt.com"" above the search result where a competitor gets their company name. Audited every signal Google documents for the site name. Three of four were already correct and had been for one day: WebSite name, og:site_name, and the page title ending ""| Triple Company"". The h1 is ""Premium Table Olives Exporter"" - descriptive rather than the brand - and is deliberately left alone: rewriting it to the company name would trade a heading that helps the page rank for ""table olives exporter"" against a naming signal that already has three better homes. Raised with the owner as a judgement call rather than applied silently; owner agreed 2026-09-06 (""yes not worth it""), so this is a confirmed decision and not merely my reading. The one real gap was WebSite alternateName, which Google's site-name documentation names for the short form; without it the title said ""Triple Company"" while the schema said the full legal entity and nothing reconciled them. Added in both locales and enforced by scripts/check-org-schema.js, proved by removing it (fails) and by giving the Arabic node the English form (fails). HONEST LIMIT: this is not a switch. Google recomputes site names on its own cadence, the structured data only shipped 2026-09-05, and Google falls back to the domain when unconfident - which it has structural reason to be here, since the brand has no relationship to the domain the way nile-food.com does to Nile Food Industries. The change improves the odds; it does not guarantee the outcome, and no code change can.","Owner to re-check the search result in two to four weeks; if it still shows the domain, the remaining lever is off-site (consistent naming in directories, listings and the Facebook page) rather than anything in this repository"
C-61,"Product structured data carries no offers, review or aggregateRating, so Search Console reports every product page as an invalid product snippet - deliberately",the 22 Product nodes (11 products x 2 locales); Search Console > Shopping > Product snippets and Merchant listings,verified-approved,"Owner asked 2026-09-06 what the Search Console ""Shopping"" errors were (16 invalid product snippets, 2 invalid merchant listings) and whether they affect indexing. They do not: structured data governs rich-result eligibility, not indexing or ranking, and the pages index normally. Audited all 22 Product nodes - every one carries name, description, image, url, productID and countryOfOrigin, none carries offers, review or aggregateRating, no Offer node exists anywhere on the site, and every JSON-LD block parses. Nothing is malformed; the markup is simply incomplete for a feature this business cannot qualify for. The only ways to clear the report are to publish a price (this company quotes per container, per buyer - every product page says ""Confirmed during quotation"") or to publish reviews and ratings (it is newly established and has not completed a shipment, so there are none). Both would be fabricated commercial facts. Two options were put to the owner: keep the honest markup and accept a permanently red Shopping row, or delete the Product nodes to make the dashboard green at the cost of real semantic value. Owner chose 2026-09-07 to keep it (""a""). scripts/check-org-schema.js now fails if any Product node grows offers, price, review or aggregateRating, because ""clear the red number"" is exactly the pressure that produces an invented price later; proved against both a fake offer and a fake 4.8/37 rating.","None on the site. If real pricing is ever published or real customer reviews are ever collected, remove the relevant entry from the guard deliberately rather than working around it. Owner advised to ignore the Shopping section specifically and watch Indexing > Pages and Performance instead."
C-62,Quotations and invoices can be issued without first creating a CRM buyer record,"/crm/document (both types), the new /crm/documents list, the CRM nav on every CRM page, and crm_documents.buyer_id",verified-approved,"Owner instruction 2026-09-07: ""make the issuing of documents more visible and simply accessible, make it independent, not related to buyers and adding buyers first."" Before this, crm_documents.buyer_id was NOT NULL and /crm/document refused to load without a ?buyer_id= in the URL, showing ""No buyer selected - open this page from a buyer's New Quotation button"". Nothing in the CRM navigation mentioned documents at all, so issuing a quotation required knowing you must first find or create a buyer. That is backwards for this business: a quotation is what you send someone before they are a buyer. buyer_id is now nullable (idempotent ALTER, safe on the already-deployed table) and a document takes either a buyer_id, whose details are copied from the record exactly as before, or a typed-in company name. The four snapshot columns were always the source of truth for what a document says, so an unlinked document is not a lesser one. Company name remains required either way - the risk of relaxing this in one line is an invoice addressed to nobody, so scripts/check-crm-documents.js refuses empty, absent and whitespace-only names, and confirms the buyer-linked path still copies from the record and still wins when both are supplied. Also fixed: /crm/document/view built its back link as /crm/buyer/?id=null for an unlinked document, a dead link reachable only after successfully issuing something.","None. If a document is later linked to a buyer, set buyer_id on the row; nothing else needs to change."
C-63,"Letters are a third saved document type alongside quotations and invoices, and /letterhead remains a separate quick printable sheet","/crm/document/?type=letter, /crm/document/view, /crm/documents, the CRM nav, and crm_documents.subject / crm_documents.body",verified-approved,"Owner 2026-09-07: ""i also want to add letterhead and invoice not just quotations"". Invoices already existed (/crm/document/?type=invoice, added to the nav the same day). Letterhead did not exist as a document: /letterhead is a contenteditable A4 sheet you type into and print, and nothing is saved - close the tab and the letter is gone. Asked which behaviour was wanted, since saved-and-numbered versus compose-and-print are materially different builds; owner chose BOTH. So: a letter is now a real document type, numbered in its own L- series, stored with subject and body columns (idempotent ADD COLUMN IF NOT EXISTS), listed in /crm/documents, and rendered by the viewer as a letter rather than as a priced document - no items table, no totals, and the recipient block reads ""To"" rather than ""Bill To"", which would be wrong on a letter going to a customer. Line items, currency and incoterm are ignored rather than rejected on a letter, because the compose form hides them and anything arriving would be a stale draft. A letter with an empty body is refused, the same reasoning that refuses a document addressed to nobody: it would issue, take a number, and print blank. The quick /letterhead sheet stays exactly as it was and is now in the CRM nav, set apart and labelled ""not saved"" on hover so the two are not confused. 49 assertions in scripts/check-crm-documents.js.",None
C-64,"Printed documents are one page, not two","crm/document/view, /letterhead, /ar/letterhead",defect-fixed,"Found 2026-09-07 while answering the owner's question about PDF export, by generating real PDFs and counting pages rather than assuming. Every document printed two pages, the second almost empty. Cause: in print, @page sets a 2cm margin, leaving a 25.7cm printable height on A4, while .sheet kept its screen geometry of min-height 29.7cm plus its own 2cm padding - so the content could never fit, and the sheet's padding doubled the page margin as well. Pre-existing since these sheets were written; it affected every quotation and invoice ever printed, not only the new letters. In print the sheet now drops min-height, max-width and padding and lets @page supply the margin. Verified by generating PDFs before and after: letter, quotation, English letterhead and Arabic letterhead all went from 2 pages to 1, and the print-media layout was measured at 617px against the 971px printable height.",None
C-65,"Printed documents use one redesigned sheet layout, and the head-office address appears once on it","crm/document/view (quotation, invoice, letter), /letterhead, /ar/letterhead",defect-fixed,"Owner 2026-09-07: ""i dont like the page structure fix all of them to something more professional and modern"". The old sheet was a serif heading, four loose lines of metadata, and a table whose totals hung off a tfoot row spanning four columns; it read like a form printout rather than a document from a supplier. Rebuilt around what a buyer looks for in order: masthead, document kind and reference, recipient, content, totals. One type scale, one accent colour, a meta grid replacing metadata that had been scattered between the header and under the table, and a totals block instead of a table footer. DEFECT FOUND AND FIXED WHILE DOING IT: the address block printed ""Cairo, Egypt"" on its own line immediately after the full address that already ended with it - and the Arabic letterhead printed ""القاهرة، مصر"" twice the same way. Pre-existing, on every quotation, invoice and letter ever sent to a buyer. Now one canonical string per C-22. ALSO: the toolbar above the sheet used max-w-screen-md, which is not in the compiled stylesheet and therefore did nothing, so a 1280px bar sat above a 794px sheet; replaced with an explicit rule. The Arabic letterhead was briefly overwritten with the English masthead during this work and was restored from git before commit - it keeps its Arabic wordmark, Arabic address and the dir=""ltr"" span that stops the phone digits reordering. Contact alignment uses text-align:end rather than right so the shared design works in both directions.",None
C-66,The CRM navigation names four destinations; create actions live on the page they belong to,"CRM.renderNav in assets/crm.js, and the Buyers, Kanban and Documents pages",verified-approved,"Owner 2026-09-07: ""i dont like the crm structure and navigation somestuff seem to repeat reorganize it in a better way that is easy to use and accessible"". The bar had grown to ten items: Dashboard, Buyers, Kanban, New Quotation, New Invoice, New Letter, Documents, Add Buyer, Letterhead, Log Out. Three were the same action with a different document type, Kanban and Buyers were two views of one list, and Add Buyer duplicated a button already on the Buyers page. A navigation bar should answer ""where do I go"" and a page should answer ""what can I do here"", so the bar now names four places - Dashboard, Buyers, Documents, Letterhead - and every create action sits on its own page: three New Document buttons on Documents, Add Buyer on Buyers. Kanban became a view toggle on Buyers, with a link back, rather than a separate destination. Verified in a browser that nothing became unreachable and that every page passes a nav label that still exists.",None
C-67,"A printed letter does not display the word ""Letter""",crm/document/view for doc_type letter,verified-approved,"Owner 2026-09-07: ""i dont like the word letter writen on the documents"". A quotation announces itself because the reader needs to know what they are holding; a letter does not, since it opens ""Dear ..."" and a business letter headed LETTER reads as a template rather than correspondence. The kind label is hidden for letters and the document number, which is still wanted for the record, is rendered as a quiet ""Ref: L-2026-000005"" line instead of a headline. Quotations and invoices keep their heading and their prominent number.",None
C-68,Website enquiries are visible in the CRM: an inbox at /crm/inquiries and the most recent on the dashboard,"/crm/inquiries, /crm/ (dashboard), the CRM nav, and GET /api/inquiries",defect-fixed,"Owner 2026-09-07, after asking twice what happened to their dashboard: the thing they were missing was not a page but the enquiries it used to show. Every submission has always been written to the inquiries table before anything else happens, so none were ever lost - but the notification email is off (RESEND_API_KEY and NOTIFY_EMAIL unset; the function logs ""status=skipped"" and returns quietly by design, so that a broken mailer never fails a buyer's submission) and nothing in the site read GET /api/inquiries. A buyer could send a quote request and nobody would ever see it, which from the owner's side is indistinguishable from no enquiries arriving. That endpoint accepted only the /admin/analytics session, so a page under /crm/ could not read it; it now accepts either that session or a CRM session. CRM staff already see the full buyers table, which holds the same class of personal data about the same people, so this is consistent with the access they have rather than a widening of it, and it stays deny-by-default. scripts/check-inquiries-access.js covers both accepted sessions, six refused cases including tokens signed with the wrong secret and a CRM token presented in the admin cookie, that no row is read before the refusal, and - equally important - that POST stays public so the contact form still works for visitors. The empty state says enquiries appear here rather than just showing nothing, because ""none yet"" and ""nobody is being told"" must not look the same twice over.","Owner to set RESEND_API_KEY, NOTIFY_EMAIL and NOTIFY_FROM_EMAIL in Netlify and redeploy, so new enquiries also arrive by email rather than only being visible on this screen"
C-69,"Letters are composed from labelled fields, not a single free-text box","/crm/document/?type=letter, /crm/document/view, and six new nullable columns on crm_documents",verified-approved,"Owner 2026-09-07: ""i want the letter in crm to have a professional filling structure like invoice and quotes"". The first version of letters gave a subject and one textarea, which makes every letter a fresh act of composition - the salutation gets forgotten, the sign-off is inconsistent, and nobody remembers to note the enclosures. Each part of a business letter now has a field asking for it: salutation, body, closing, signatory name, signatory title, enclosures and cc, stored as six nullable columns added with ADD COLUMN IF NOT EXISTS. Only the body is required, because a short note legitimately has no enclosures and an internal memo may not need a formal close. Defaults that are usually right: the signatory is prefilled from the logged-in CRM user, the closing defaults to ""Yours sincerely,"" and the salutation is filled from the linked buyer's contact name when the letter is opened from a buyer record. The printed sheet renders them in reading order with a signature block that leaves 42px of deliberate space under the closing for a handwritten signature, and an Enc./cc annex below a rule. Every part is omitted from the printed letter when empty, because an obviously unfinished document is worse than a plainer one. Six new assertions in scripts/check-crm-documents.js cover storage, that all parts are optional, that blank and whitespace-only values become null rather than empty strings, that a quotation ignores letter parts entirely, and that over-long values are truncated to their limits rather than rejected.",None
C-70,"The ""3 export markets"" figure is not published anywhere","Removed from /resources/why-egyptian-olives and its Arabic twin, and from the Origin Comparison Guide in both locales",verified-approved,"Owner 2026-09-07: ""remove 3 export markets because it doesnt match this place"". The card sat in a row of Egypt-wide industry figures under a ""Source: FAO / IOC"" line, but a count of our own export markets is a company claim, not an FAO or IOC statistic - so the source note vouched for something it does not cover. ""Exported to 3 export markets"" had already been retired as an unverified company claim at Deploy 1 (deployment-record.md); the stat card survived that sweep because it carries no such sentence, only the numeral and a two-word label.",CLOSED
C-71,"Quotations, invoices and letters can be issued in Arabic","/crm/document (language selector), /crm/document/view (RTL sheet), /crm/documents (language shown in the list), and crm_documents.language",verified-approved,"Owner 2026-09-07: asked whether an Arabic CRM and Arabic issued documents existed (neither did), and chose Arabic documents over an Arabic CRM interface, with Western digits and one language per document. The company's own words on the Arabic sheet - wordmark, tagline, legal name, head-office address - are copied from /ar/letterhead, which carries the approved Arabic identity strings, so the two cannot drift. THE LABEL WORDING IS NOT YET CONFIRMED BY A NATIVE READER: the commercial terms (عرض سعر, فاتورة, البيان, سعر الوحدة, الإجمالي, إلى السادة, شرط التسليم) and the letter closings were written for this change and have the same standing C-14 had before the owner confirmed it. CONFIRMED 2026-09-17: the owner reviewed the Arabic wording themselves, as a native reader, item by item, and approved it.",CLOSED
C-75,"An Arabic letter is never auto-addressed to a man","/crm/document (the letter salutation field, when a buyer is linked)",verified-approved,"Owner 2026-09-17, reviewing the Arabic wording as a native reader: ""drop the auto fill"". The field was prefilled ""السيد/ <name> المحترم،"" from the linked buyer's contact name, which addresses a man; filled automatically, nobody chose it, so a letter to a woman went out misaddressed unless the writer noticed. Arabic has no short neutral equivalent of ""Dear <name>,"", so the field is now left empty and the placeholder and suggestion list stand in. A SECOND FAULT FOUND WHILE TESTING THE FIRST: the form opens in English, so a letter intended to be Arabic was prefilled ""Dear <name>,"" before any language was chosen, and switching to Arabic left that English line above an Arabic letter. The prefill now follows the language, and stops following it the moment the writer types their own.",CLOSED
C-72,"Pressing one of four buttons is recorded when analytics consent is given: WhatsApp, email, a document download, and (new) Facebook",assets/analytics.js click delegation; disclosed on /privacy and /ar/privacy,verified-approved,"Owner 2026-09-16 asked for Facebook click tracking so the Follow-pill trial could be measured. The event carries which button was on screen (header_pill, header_icon, drawer) so the two designs can be compared rather than inferred from dates. Consent-gated like every other event: nothing is sent until analytics consent is granted, asserted in both directions in a browser. PRE-EXISTING GAP CORRECTED AT THE SAME TIME: whatsapp_click, email_click and specification_download were already recorded and the privacy page did not mention button presses at all, listing only pages viewed, referrer, browser/device and country. Both locales now say so. The Arabic wording is mine and has the same standing as C-71. CONFIRMED 2026-09-17: the owner reviewed the Arabic wording themselves, as a native reader, item by item, and approved it. LIMIT OF THIS CLAIM, found 2026-09-18 when the owner asked for the counts: the tracking works, but it cannot produce the pill-versus-square comparison it was built for. The square shipped 2026-09-06 (#76), the pill replaced it 2026-09-16 (#94), and this tracking only shipped 2026-09-17 (#95) - a day after the square was gone. So the square recorded no clicks at all, header_icon can never fire again, and tc-social-icon appears in zero pages. That was my oversight in #95: the variant was recorded so the two designs would be distinguishable, by which point only one of them existed. What the data can answer is whether anyone presses the button at all, which is the more useful question. A real head-to-head would need both designs running concurrently with tracking live throughout.",CLOSED
C-73,"The ""3 export markets"" figure is absent from the generator that writes the resource pages, not only from the pages themselves","scripts/generate-resource-pages.py (stat grid, and the Organization JSON-LD alternateName)",verified-approved,"Found 2026-09-17 during an owner-requested verification of C-70. The published pages were cleaned in #86 on 2026-09-07; the generator that produced them still carried the card, under the same ""Source: FAO / IOC"" line, so one re-run would have restored a retired claim. The generator block is now byte-identical to the live page. The same file also carried an Organization alternateName of ""شركة تريبل للتطوير الصناعي"" - a company name on no approved list and nowhere on the shipped site - now aligned with the live Organization node. check-identity-strings.js inspected og:site_name on pages and generators but never JSON-LD name/alternateName, which is why npm test passed throughout; it now reads both, scoped to the Organization node.",CLOSED
C-74,"No page or article points readers at an indicative FOB price range, because none is published","/media/egyptian-olive-prices-2026 and its Arabic twin, against /resources/pricing",verified-approved,"Self-flagged inconsistency confirmed by the owner 2026-09-17. /resources/pricing states ""we don't publish a fixed price list on this page - any number we printed today could be wrong by the time you read it"", while the blog told readers to ""Use indicative FOB reference ranges as a starting point"" and to ""benchmark against indicative ranges"", implying a published range that does not exist here or anywhere on the site. The advice is kept and the implied range removed: start from a reference you already hold, then request a live quote. Checked and deliberately left alone: ""indicative lead time"" and ""indicative MOQ"" elsewhere in Arabic are honest hedges on delivery and order size, not price ranges. CONFIRMED 2026-09-17: the owner reviewed the Arabic wording themselves, as a native reader, item by item, and approved it.",CLOSED
C-78,"Arabic market-brief section: ""الموجز السوقي للزيتون المصري"" and its supporting prose",/ar/ (homepage),verified-approved,"Added 2026-09-17. The English homepage has carried a Market Brief signup since the C7 work; no Arabic page had one, while /ar/privacy already told Arabic readers that ""نماذج التواصل، وطلب العينة، والموجز السوقي"" collect what they enter, and the Arabic footer offered إلغاء الاشتراك for a list with no way to join. NO NEW CLAIM: every sentence is a rendering of the approved English section - quarterly cadence, harvest forecasts, price trends, container availability, origin insights - and nothing about frequency, content or audience was added. Field labels, buyer types and the consent sentence are the site own existing Arabic from /ar/downloads, not new coinages; only the brief own prose is new. Posts to the same POST /api/leads with segment=market_report as every other lead form, which remains the staging-only destination C7 reserved: no new endpoint, no new table, no new recipient. The Arabic prose is mine and has the same standing as C-71. CONFIRMED 2026-09-18: the owner reviewed the section as a native reader, piece by piece, and approved it with one change - ""رؤى حول المنشأ"" for ""origin insights"" was a translation-ism and became ""معلومات عن المنشأ"". الموجز السوقي was kept deliberately: /ar/privacy already uses that term, so changing it would have meant changing that page too. This closure was lost once and restored, with C-77, by the same #105 conflict resolution.",CLOSED
C-79,"Privacy statement that the Market Brief form ""collects what you enter"" - untrue until 2026-09-17","/privacy and /ar/privacy, about the form on / (homepage)",verified-approved,"PRE-EXISTING DEFECT found during the Arabic audit and corrected in the same change. The English market-brief form had id=newsletter-form, five inputs and a Subscribe button, and no page loaded any script that bound to it; no input carried a name attribute and the form had no action. Proven in Chromium: pressing Subscribe navigated to /? with an empty query string, sent no request to any endpoint, showed no confirmation and cleared the fields. Every lead typed into it since the C7 work was discarded, while the visitor had every reason to believe they had subscribed and both privacy pages said the form collected what they entered. The form is now wired to the existing shared handler (assets/gated-download.js) and the existing POST /api/leads - the backend that leads.js own header says was built for exactly this form. scripts/check-lead-fields.js now asserts that every page carrying a lead form loads the shared handler, which is the join no check in the suite was making.",CLOSED
C-80,"Arabic catalogue spec blocks: three new Arabic strings - ""التغليف ومدة الصلاحية وبيانات الطلب"", ""ويُؤكَّد الحد الأدنى للطلب، ومدة التسليم، ومدة الصلاحية الدقيقة أثناء عرض السعر."" and ""صفحة المنتج الكاملة ←""",/ar/catalog (11 product cards),verified-approved,"Added 2026-09-17. /ar/catalog carried a name, a description, a compact caliber range and a link, while /catalog carried the full caliber list, the brine specification and an expandable packaging panel per product; visible text ran 0.44 of the English page against 0.82-1.02 for every other pair, now 0.93. NO NEW SPEC CONTENT: every figure is read out of the Arabic product page and asserted equal to the English catalogue own before the block is built, so the two pages cannot drift apart silently - all 11 products matched on both calibers and brine. Every other label reuses Arabic already live on /ar/products and /ar/catalog/print (الأعيرة (عدد الحبات / كجم)، مواصفات المحلول الملحي، الملوحة، الحموضة، الرقم الهيدروجيني، تُؤكَّد أثناء عرض السعر). Only the three strings named above are new, and they are mine: same standing as C-71. CONFIRMED 2026-09-18: the owner reviewed all three as a native reader before this shipped and approved them with one change - the panel summary said ""بيانات الطلب"", which reads as ""the order data"" rather than information about ordering, and became ""تفاصيل الطلب"" across all 11 cards. The other two were kept as written, including the second link to the product page, which mirrors the English card.",CLOSED
C-81,"English product pages label the salt/acidity/pH grid ""Brine Specification""","10 /products pages - all but Kalamata",verified-approved,"Added 2026-09-17. The Arabic pages already labelled this grid مواصفات المحلول الملحي; the English rendered the same three values with no heading at all, so Arabic was the clearer of the two. NO NEW CLAIM and no value changed: the heading only names figures already published. ""Brine Specification"" is the site own term - /catalog already uses it for the same three values - and the heading classes are the ones the English page own sibling headings use. Kalamata is untouched: it has no brine grid in either language, correctly, because its specs are confirmed during quotation.",CLOSED
C-82,"Head-office address on /contact and /ar/contact now matches C-22 exactly",/contact and /ar/contact,verified-approved,"Both contact pages ended the head-office card with ""Arab Republic of Egypt"" / ""جمهورية مصر العربية"" where C-22, owner-confirmed 2026-09-05, ends ""Egypt"" / ""مصر"" - as every other surface does. Normalised to C-22 in both locales; no third variant introduced. CORRECTION TO THE AUDIT THAT FOUND THIS: the same finding also reported a missing comma after 5th Settlement / التجمع الخامس. There is no missing comma. The card deliberately breaks the line there with a <br/>, and my text extraction turned that break into a space. Only the country form was ever wrong, and only that was changed. EXTENDED 2026-09-18: normalising the head office left the PARTNER FACILITY block on the same two pages still reading ""Arab Republic of Egypt"" / ""جمهورية مصر العربية"", so one page carried two country forms in both locales. C-22 governs only the head-office address, so the original scoping was right, but the mismatch it would leave was not flagged at the time - it surfaced only when the owner asked for the Batch 2 results to be re-verified. Owner instruction: normalise it too. Both blocks on both pages now end Egypt / مصر, and the formal form appears nowhere on the site: a direct search for either string returns zero.",CLOSED
C-83,"The Arabic site calls the antipasto category مقبلات, not the transliteration أنتيباستو","10 files - /ar/ and /ar/catalog (badge, JSON-LD category), /ar/catalog/print, /ar/products/marinated-artichoke-hearts (meta description, JSON-LD, body, best-for list), /ar/products/pepperoncini-peppers, /ar/products/kalamata-olives, three /ar/media articles, the Arabic PDF source and the rebuilt Arabic catalogue PDF",verified-approved,"Owner decision 2026-09-18, reviewing the Arabic as a native reader. NOT A CORRECTION OF AN ERROR: أنتيباستو was a faithful transliteration and the English says antipasto/antipasti in every one of the same places, so this was preference, not accuracy. Offered three options - keep it, change only the category badge where it sat among plain labels, or change all of it - and the owner chose all of it. 26 occurrences, not the 16 the audit reported: the audit counted visible text on /ar pages only and missed the meta descriptions, the JSON-LD, the print catalogue and the PDF source. One agreement fix was not mechanical - أنتيباستو is masculine singular and المقبلات is feminine plural, so ""المازة والأنتيباستو المتوسطي"" became ""المازة والمقبلات المتوسطية"". CONFIRMING EVIDENCE: /ar/catalog own facet button already read ""أصناف خاصة ومقبلات"", so مقبلات was the site own word for this category before this change and the badge had been disagreeing with the filter above it. PRE-EXISTING CHECK DEFECT FOUND WHILE MERGING THIS: check-product-facets.js compares a card badge against an allow-list by scanning a flat 2500-character window from the card opening tag. On the Arabic catalogue that window reached past the end of the card into its neighbour, so the artichoke card had been passing on مخللات borrowed from the card below it - its own badge أنتيباستو was never in the allow-list and never satisfied the check. The accident only ended when Batch 2 spec panels made each card longer than the window. The window is now bounded to the card itself, and the allow-list carries مقبلات in place of the retired loanword.",CLOSED
C-84,"The WhatsApp button and the Read Our Insights tab appear on every browsing page, in both locales","82 pages - 41 English, 41 Arabic; the six printable sheets deliberately carry neither",verified-approved,"Owner instruction 2026-09-18: ""i want the whatsapp button and the read our insight to appear in every single page arabiv and english"". Reported by them and confirmed exactly: the WhatsApp button was on 1 of 41 Arabic pages (the homepage) and 29 of 41 English; the insights tab on 17 English and 0 Arabic. Nothing had removed them - they were added page by page, and generate-product-pages.py emitted neither, which is why all 11 English product pages and /company-profile lacked both. The generator now emits them, so a re-run cannot undo this. DELIBERATE EXCEPTION, flagged to the owner: the six printable sheets (both catalogue print pages, both business cards, both letterheads) carry neither. Their print CSS hides only header, footer and .no-print, so a floating button added to one would be printed onto the sheet. Enforced by scripts/check-floating-actions.js, pages and generator alike. CONFIRMED 2026-09-18: ""the six printable sheets should not carry the floaters"" - the exception was the owner own decision, not only mine, and the check that forbids a floating action on those six sheets now has their authority behind it rather than a reading of ""every single page"".",CLOSED
C-85,"Arabic insights tab wording: ""اقرأ مدونتنا"" / ""تصفّح المدونة""","41 Arabic pages (the floating tab)",verified-approved,"Added 2026-09-18 with C-84. Renders the English tab (""Read Our Insights"" / ""Explore the blog"") and adds no claim it does not make. مدونة is the site own existing Arabic for the blog - /ar/media/blog is titled ""مدونة تجارة الزيتون"" - and رؤى was deliberately avoided here, since the owner had just replaced it as a translation-ism in C-78. The aria-label ""اقرأ مدونة تجارة الزيتون لدينا"" reuses that page own title wording. Mine, same standing as C-71. CONFIRMED 2026-09-18: the owner reviewed it as a native reader - ""the arabic insigth wording in okay leave it as it is"" - and approved both strings unchanged, so nothing on the 41 pages moves. مدونة stands as the site word for the blog, and the decision to avoid رؤى here, one day after it was replaced as a translation-ism in C-78, stands with it.",CLOSED
C-86,"The WhatsApp button no longer sits under the cookie banner",assets/consent.js (every page carrying both),defect-fixed,"Owner report 2026-09-18: the button overlapped the cookie notice on the Arabic homepage. Reproduced, and it was neither Arabic-specific nor intermittent. consent.js measured the banner once, synchronously, at the moment it was inserted, and never again - no resize listener, no re-measure. The banner is a single row on a wide window and wraps to several on a narrow one: 73px at 1280 against 195px at 390. Load wide, then narrow the window or turn a phone, and the button stayed at the old offset while the banner grew over it. Now repositioned on resize, on orientationchange, and through a ResizeObserver on the banner itself, so a webfont arriving after insertion cannot strand it either. Verified in both locales across 1280 -> 390 -> 1280.",CLOSED
C-87,"The cookie controls and the WhatsApp bubble never share a corner, in either language",assets/consent.js (every page carrying the floating actions),defect-fixed,"Owner report 2026-09-18, after C-86 was already merged: the overlap was still there on Arabic pages. It was a SECOND, different collision, and C-86 had not touched it. The cookie reopen pill was pinned with inset-inline-start:16px - a logical property that follows the reading direction, so left in English and RIGHT in Arabic - while the WhatsApp bubble is pinned with a physical right-6 on every page. In Arabic the two landed in the same corner and overlapped on all 41 pages the moment the banner was dismissed, which is why it appeared only after a cookie choice was made. MY VERIFICATION OF C-86 MISSED IT: I only ever tested with the banner showing and never clicked accept or reject, so I never saw the reopen pill at all. The pill is now pinned with a physical left in both locales: two physical opposites cannot drift back together the way a logical property and a physical one did. Re-tested across 108 combinations - nine viewports, four pages, three consent states - with no overlap anywhere.",CLOSED
C-88,"On a phone the insights tab steps aside while the cookie banner is showing, and returns once it is dismissed",assets/consent.js (41 Arabic and 41 English pages),verified-approved,"Found 2026-09-18 by the wider re-test that C-87 prompted, not reported: at 390x780 the banner is 195px tall and the insights tab is vertically centred, so the two overlapped in both locales. Lifting the tab clear of the banner drops it onto the WhatsApp bubble, because on a narrow screen the tab is a 256px slab pinned to the same edge - there is no position that clears both. So below 640px the tab hides itself while the banner is up and returns the moment a choice is made. visibility:hidden also removes it from the tab order, verified, so it is not reachable by keyboard while invisible. The banner is a one-time interruption and the tab is not worth fighting it for; above 640px the tab is lifted rather than hidden.",CLOSED
C-89,"On Arabic pages the WhatsApp bubble sits at the bottom-left and the cookie pill at the bottom-right; English is unchanged","assets/index-Dw0yUE42.css (one [dir=rtl] rule), assets/consent.js, and the 82 pages carrying the floating actions",verified-approved,"Owner decision 2026-09-18: ""okay move whatsapp button to the left on arabicpages"". Offered as the alternative to C-87 and chosen. Both floating controls now sit where their own reading direction puts them - bubble at the inline end, cookie pill at the inline start - so Arabic is a mirror of English rather than a mix of one physical corner and one logical one, which is what collided in the first place. C-87 solved the same overlap by pinning the pill physically left, which worked but left Arabic un-mirrored; that is now superseded, and the pill follows the reading direction again as it originally did. The bubble is pinned with a physical right-6 in the markup of 82 pages and the compiled stylesheet carries no logical inset utility to swap it for, so the mirroring is one hand-written rule in that stylesheet, beside the .tc-social-* additions already there - not an injected style, which would have moved the button after first paint. WHAT THE CHECKS NOW PROTECT: not ""logical is right"" nor ""physical is right"", but that the two controls must not mix the two, which is the only arrangement that puts them in the same corner. check-inquiry-forms.js and check-floating-actions.js both say so, having been round-tripped once.",CLOSED
C-90,"The Follow-pill trial runs on, and is read as a press-rate question rather than a design comparison","assets/analytics.js (facebook_click), the header pill on 82 pages",verified-approved,"Owner decision 2026-09-18: ""leave the pill running, check back in a few weeks"". Taken after being told that the comparison the trial was set up for is not available - see the limit recorded on C-72 - and that at the time of asking there was at most about fifteen hours of tracked traffic, assuming production had rebuilt at all, which remains unconfirmed. The pill therefore stays as the only Facebook button, and the counts will be read as whether the button is pressed at all rather than which design wins. NOT MEASURED YET AND NOT CLAIMED: no count has been read. This environment has no database credentials and egress to both olivesegypt.com and the Umami instance is blocked, so the numbers can only be read by the owner at /admin/analytics - which they still cannot sign in to, an open thread since 2026-09-17.","Owner to pull facebook_click counts from /admin/analytics once a few weeks of tracked traffic exist; blocked until the admin password is set"
C-91,"Header tagline: ""Egyptian Table Olive Export"" (English, 29 pages) and ""تصدير الزيتون المصري"" (Arabic, 28 pages)","visible site header only, both locales",verified-approved,"Owner decision 2026-09-19, choosing option A from three proposed: a plain statement of what the company does, with no claim about how well it does it. Replaces ""Premium Export Specialists"" and ""متخصصون في تصدير الزيتون المصري الفاخر"" (C-32), which claimed expertise the site does not evidence and sat against its own FAQ answer (""We are a newly established export company""). I raised that on 2026-09-05 and the owner kept the wording then; they revisited it now. NOT AN IDENTITY VARIANT, then or now: re-verified 2026-09-19 that all 57 occurrences of the old tagline were visible markup, with zero in any schema node, og:/twitter: field or <title>, and no og:site_name anywhere containing ""Specialist"" - the alternate-name defect was a separate thing, fixed 2026-09-05 as C-31. NO NEW FACT: the new wording asserts only Egyptian origin, table olives, and export, each of which the site already states throughout. The Arabic is a direct rendering of the English and is mine. scripts/check-identity-strings.js now fails if either retired tagline reappears on a page or in a generator, since a header subtitle is exactly the kind of text copied onto a new page from an old one. EXTENDED 2026-09-19 on the owner instruction ""fix the contact wording too"": /contact and /ar/contact carried the same claim in a sentence rather than the header - ""Get in touch with our export specialists"" / ""تواصل مع متخصصي التصدير لدينا"". Both now read ""our export team"" / ""فريق التصدير لدينا"". NOTED WHILE DOING IT: each page own og:description already said ""export team"" / ""فريق التصدير"", so the visible sentence had been contradicting the page own meta description the whole time - the neutral wording was already the one being shown to search engines and social previews. No occurrence of the claim, in either language, now remains anywhere on the site. CONFIRMED 2026-09-19: the owner reviewed the Arabic as a native reader and approved both strings unchanged - ""تصدير الزيتون المصري"" in the header of 28 Arabic pages and ""فريق التصدير لدينا"" on /ar/contact. Nothing moves as a result.",CLOSED
C-92,Every declaration of the header logo's intrinsic size matches the file on disk (236x289),"105 img tags across 103 pages, plus scripts/generate-product-pages.py",defect-fixed,"DEFECT I INTRODUCED, found while writing the Deploy 14 record and fixed the same day. #116 cropped assets/logo-BJ1TOn9V.png from a 512x512 canvas to its 236x289 artwork and changed nothing else, leaving 105 tags declaring width=""512"" height=""512"" for a file that was no longer either. NO VISIBLE EFFECT, then or now, and that is why it survived: every one of those tags also carries an explicit CSS box (h-8 w-8 on 100, h-16 w-16 on 2, a width/height pair in a document stylesheet on 3), so the attributes never reach layout, and object-contain fits the real intrinsic ratio rather than the declared one. Verified in Chromium after the fix at 1280, 768, 390 and 320 in both locales: box 32x32 with a painted mark of 26x32 on browsing pages, 46x46 on the letterheads, 64x64 on the business cards - identical to the measurements recorded for #116, because nothing layout-bearing changed. The generator was the other half: generate-product-pages.py emitted the image with no width or height at all while the 11 pages it had produced carried them, so its output and the shipped pages disagreed about the same image. It now emits 236x289. Enforced by scripts/check-logo-dimensions.js, which reads the PNG's IHDR chunk on every run, so the file is the source of truth and re-cropping the logo fails the suite until the markup follows. Proven by three negative tests: one page put back to 512x512, the generator stripped of its attributes, and the PNG itself re-cropped with the markup left alone. FLAGGED HERE, FIXED IN C-94: product-photo tags elsewhere declared a display size rather than an intrinsic one. CORRECTION, made 2026-09-19 while fixing them: this row first said there were 14 of them. There were 23 - ten at 96x96 on the printable catalogues, ten at 80x80 on the downloads pages, and three in ar/catalog carrying one photo's dimensions on another photo's file. I counted the distinct rows of a summary table rather than the tags they stood for, and the miscount was repeated in the pull request that added this row. The number is corrected rather than the sentence rewritten, so that the error is on the record.",none
C-93,"scripts/generate-product-pages.py reproduces the ten pages it generated, byte for byte",/products (10 English product pages) and the generator that writes them,defect-fixed,"PRE-EXISTING DEFECT, found on 2026-09-19 by running the generator to verify an unrelated one-line change to it, and undone from git within the same minute. The run rewrote all ten pages - 401 insertions, 611 deletions - because the template had drifted from its own output. The shipped pages had gained the consent, locale-switch, site-nav and analytics scripts, hreflang alternates, the favicon family, the theme bootstrap, the rebuilt navigation with its dropdown panels and mobile drawer, the Facebook pill, the theme toggle and the footer columns, and had lost an offers/InStock block from the Product schema; the template still emitted the shape they had before all of that. NOT AN UNMAINTAINED GENERATOR: the WhatsApp button and the insights tab were added to it during the floating-actions work (C-84), and the logo dimensions the same day (C-92). Only the parts nobody thought to re-check drifted, and a generator that is wrong says nothing until it is run, by which point it has overwritten the file. NOTHING PUBLISHED CHANGED, then or now: the live pages were always the correct ones, the damage was potential rather than actual, and the fix moves the generator to them rather than them to the generator. The template is now derived from products/aggizi-green-olives/index.html and verified to reproduce all ten pages byte for byte, with each page's own image markup read back out of it (five carry a photograph with a WebP source, five an illustration whose alt text says photography is pending) rather than invented. The generator also takes an output root, so it can be rendered somewhere harmless. Enforced by scripts/check-generator-parity.js, which renders into a temporary directory - never the working tree - and compares. Proven by two negative tests: a one-word change to the template failed on all ten pages, and a one-character hand-edit to a generated page failed on that one.",none
C-94,Every declared image size on the site is the size of the file it describes,"159 img tags across 7 raster assets, in both locales",defect-fixed,"PRE-EXISTING DEFECT, found by the survey behind C-92 and fixed 2026-09-19. 23 tags declared a size that was not the file's: ten thumbnails at 96x96 on catalog/print and its Arabic twin, ten at 80x80 on downloads and its Arabic twin - both declaring the DISPLAY size rather than the file's - and three in ar/catalog declaring 800x515, the real size of olive-black, on the aggizi, toffahi and hamed photographs, which are 800x533, 1200x800 and 1200x1800. The English catalogue had all three right, so the Arabic page was a copy whose numbers were never updated. NO VISIBLE EFFECT, and that is why none of it showed: every one of those tags carries CSS that pins both axes - h-10 w-10 on the downloads thumbnails, .spec-thumb at 96px on the printable catalogues, w-full h-full inside a fixed h-44 box in ar/catalog - so the attributes never reach layout and object-fit uses the real intrinsic ratio regardless of what the markup claims. VERIFIED, not assumed: the five affected pages were rendered in Chromium at 1280 and 390 before and after the change and every olive image's box matched to the pixel, with no horizontal overflow either way. The rule is now one rule - a declared size is the file's size - enforced for every raster image by scripts/check-image-dimensions.js (formerly check-logo-dimensions.js, widened from the logo to all of them), which reads PNG IHDR and JPEG SOF headers on every run. SVGs are deliberately skipped: their intrinsic size is a viewBox or a percentage and often neither, so there is no single number to compare and a check that picked one would be asserting its own guess. Proven by two negative tests: a thumbnail put back to 80x80 failed on that page, and re-encoding one photograph at 600x400 failed on all eight pages that declare it.",none
C-95,scripts/generate-resource-pages.py was retired; nothing generates the /resources pages,"the seven /resources pages, now hand-maintained only",defect-fixed,"PRE-EXISTING DEFECT, flagged in Deploy 15's entry and fixed the same day, 2026-09-19. Two faults, and the first was worse than Deploy 15 said. (1) THE SCRIPT COULD NOT RUN AT ALL. It read HEADER and FOOTER at import time from two files under an ephemeral /tmp/claude-0/.../scratchpad/ path, committed on 2026-09-01, so on any fresh checkout it raised FileNotFoundError on line 15 before generating anything. It worked in this session only because the container that wrote those files was still alive. Deploy 15's limitation said only that it lacked an output root, which was true and incomplete; that entry now carries the correction rather than being rewritten. (2) THAT IS ALSO THE DRIFT MECHANISM. Those two scratch files were a 1 September snapshot, so no number of runs could have picked up the navigation rebuild, the Facebook pill, the theme toggle, the mobile drawer, the footer columns, the consent and site-nav scripts, or the logo's declared dimensions. A re-run would have re-emitted the header tagline retired by C-91 on all seven pages - the same wording check-identity-strings.js has forbidden since - and five of the seven bodies had fallen behind the shipped pages, /resources/certifications by more than half (8,174 characters shipped against 3,766 in the script). NOTHING PUBLISHED WAS EVER WRONG: the live pages were always the correct ones and are unchanged by this fix, which moves the script to them. Template, header, footer and all seven bodies are now derived from the shipped pages and verified to reproduce them byte for byte; nothing is read from outside the repository; and the script takes an output root. Enforced by scripts/check-generator-parity.js, now covering both generators and 17 pages, and comparing every file each one writes at whatever depth - which is what brought the /resources hub page inside the check rather than leaving it skipped. Proven by three negative tests: a one-word change to the template failed on six pages, a one-character edit to a shipped page failed on that page, and the same edit to the hub failed on the hub. NOTED WHILE DOING IT: the C-91 retired-tagline rule fires on prose about the rule. Both new docstrings originally quoted the retired wording to explain the defect and failed the suite for it. They now describe it and point at C-91 instead, which keeps the rule absolute rather than carving out an exemption for comments. RESOLVED BY RETIREMENT 2026-09-19, on the owner's instruction, after checking what used it. NOTHING RAN IT: Netlify's only build command is node scripts/build-geo.js; there is no .github/workflows directory at all; no npm script, Makefile, shell script or runbook invoked it; and the sole executor was the parity check added the same day to guard it. Meanwhile the seven pages it claimed to own had been edited by hand in 33 commits since it was written - the 220 kg barrel correction, the retired export-markets stat, the header social button, the new tagline, the logo dimensions - and from 2026-09-01 it could not have produced any of them, because the scratchpad read made it unrunnable outside the container that wrote those files. It was therefore dead code holding a second copy of pages somebody does edit, and the parity check made that visible without making it untrue. The script is deleted, its entry removed from scripts/check-generator-parity.js (now 10 pages, the product generator alone), and all nine /resources pages verified byte-identical by sha256 before and after: deleting a generator must not change a published page, and it did not. TWO CONSEQUENCES, NAMED AND ACCEPTED BY THE OWNER: nothing in the repository can now rebuild /resources from scratch, which matches the practice rather than changing it; and check-identity-strings.js and check-packaging-claims.js have one fewer generator to scan, which costs nothing, since both still scan the shipped pages, where a false claim would actually appear. A PREMISE CORRECTED IN PASSING: the alternative considered was reworking the script to read each page's own body from disk at generation time, described as the approach already used for the /ar/catalog reuse of product-page data. No such mechanism exists. The site has no HTML build step - Netlify's build command fetches a GeoLite2 database - and nothing under scripts/ or netlify/ reads a page's main element from disk. The /ar/catalog spec panels were editorial reuse of already-approved Arabic wording under Operating Rule 2, not a build-time mechanism, so that path would have been new work rather than a pattern followed.",none
C-96,No committed file that can run or configure anything names a filesystem path on somebody machine,"208 runnable tracked files - .js, .py, .sh, .json, .toml, .yml, .html, .css",verified-approved,"Added 2026-09-19 on the owner instruction, after the defect behind C-95 and a sweep of both repositories. WHY IT EXISTS: generate-resource-pages.py read its header and footer from an absolute path in an ephemeral per-session scratchpad directory outside the repository. It survived eighteen days and nothing caught it - the suite did not run the script, so the broken read never executed, and nothing else ran it either. It was found by running the generator to check something unrelated and confirmed by reading its first fifteen lines. That is luck, not a discovery method. SWEEP RESULT, both repositories clean: umami-olivesegypt has no commit by the owner or by me (authors are the upstream umami maintainers), no scratchpad reference and no absolute host path, so the defect could not have reached it; olivesegypt-site retains the path only as elided prose in C-95, the Deploy 16 entry and one check docstring, and every one of the 22 file reads in scripts/ and netlify/ builds its path from ROOT, __dirname, path.resolve(__dirname, ...) or a walk of the repository. WHAT IS FLAGGED: /home/, /root/, /tmp/, /Users/, /var/folders/, /private/var/ and Windows drive paths in backslash form. WHAT IS NOT, AND WHY: web-absolute paths are URLs and the whole site is built from them; documentation is not scanned, because the deployment record quotes the original two lines verbatim and a path in a markdown file cannot be executed; and C:/ is not flagged because it cannot be told apart from an ordinary label:/path - the first draft flagged mailto:/, purged:/ and a CSS left:/ inside a regex. PROSE INSIDE A SCANNED FILE IS NOT EXEMPT. The one candidate for an exemption, a comment in check-generator-parity.js, was reworded to describe the path instead of quoting it, the same way the C-91 tagline rule was honoured rather than carved out. The allowlist is therefore empty, which is the intended state: a rule with an exemption for comments is one anybody routes around by writing a comment. THE POINT, asserted as its own test so it cannot quietly stop being true: asking the operating system for a temporary directory at run time is correct and stays correct everywhere. check-generator-parity.js does that three lines from a comment about this defect, and the check fails if it stops. The fault was never using a temporary directory; it was writing one machine answer into a file. PROVEN BY FIVE NEGATIVE TESTS, all exit 1: the original defect reintroduced verbatim into the product generator; a /home/ path in netlify/functions/leads.js; a single-backslash Windows path in netlify.toml; a doubled-backslash Windows path in a package.json string; and os.tmpdir() replaced by a literal, which failed two tests at once. THE FOURTH FOUND A REAL GAP: the pattern first required exactly one backslash and let the doubled form through - which is how a Windows path is always written inside a JS or JSON string literal. It now accepts one or two, and that line is only correct because the negative test was written before the check was trusted.",none
C-97,"Every committed script parses, and every dependency it names exists - checked without executing any of them","78 scripts under scripts/ and netlify/, and the build command in netlify.toml",verified-approved,"Added 2026-09-19 on the owner instruction, closing the gap Deploy 17 recorded: nothing checked whether runnable code is ever run. npm test executed the check scripts, git ls-files and generate-product-pages.py and required four helper modules, leaving nine scripts neither executed nor loaded by anything - admin-password.js, build-geo.js, crm-create-user.js, crm-seed.js, db-roundtrip-check.js, kpi-roundtrip-check.js, send-test-email.js, build-favicons.py and generate-export-catalog-pdf.js. build-geo.js was the one that mattered: Netlify runs it on every deploy and nothing local did, so a syntax error or a renamed dependency in it would have been found by a failed production build. Same shape as C-95 - code nobody runs until it matters. NOTHING IS EXECUTED, BY DESIGN RATHER THAN BY LIMITATION: several of these scripts send email, write to the database or download a GeoLite2 archive, so a smoke test that ran them would be worse than none. node --check and Python ast.parse read and parse without evaluating. The check covers 78 files rather than the nine, so the list cannot go stale. SIX ASSERTIONS: every .js parses as CommonJS; every .py parses; every relative require resolves to a file that exists; every package require is a Node builtin, declared in package.json, or named tooling-only; every third-party Python import is stdlib or named tooling-only; and the script netlify.toml names in its build command exists and is among those parsed - which is the highest-value line, since renaming build-geo.js without editing netlify.toml breaks every deploy and nothing else would notice. TWO UNDECLARED DEPENDENCIES FOUND AND NAMED RATHER THAN HIDDEN: generate-export-catalog-pdf.js requires playwright and build-favicons.py imports PIL, neither declared anywhere. Both are one-off asset builders a maintainer runs with the tool installed, never part of the Netlify build, and adding Playwright to devDependencies would make every production deploy install a browser toolchain to render two PDFs nobody regenerates on deploy. They are listed in TOOLING_ONLY keyed to the one file allowed to use them, so the same import anywhere else still fails. PROVEN BY SIX NEGATIVE TESTS, all exit 1 except the last: a syntax error in build-geo.js; a local module renamed out from under a require in netlify/functions/leads.js; an undeclared package added to build-geo.js; an undeclared Python import added to build-favicons.py; netlify.toml pointed at a script that does not exist, which failed two assertions at once; and the one that matters most - a writeFileSync side effect injected after the shebang of crm-seed.js, so the file still parsed cleanly. The check passed 8 of 8 and the sentinel file was NOT created, while a genuine require of the same file did create it. The first attempt at that test was worthless: the line was inserted before the shebang, which pushed #! to line 2 and made the file unparsable, so the check rejected it and the sentinel proved nothing. The control - showing the side effect fires when the file really is loaded - is what makes the claim mean anything. WHAT IT STILL DOES NOT CATCH, and stated in the docstring: a require built at run time from a variable, a module that throws on load, a wrong argument, a missing environment variable. Parsing is not running, and the scripts that cannot safely be run stay unrun. This narrows the gap Deploy 17 described rather than closing it.",none
